y1,x1,x2,x3,x4,x5,x6,x7,x8,x9,x10,x11,x12,x13,x14,x15,x16
2.795472555,0,0,0,low,A,B,2.059745749,6.77442311,10.16899551,1,1.508252949,4,7,8.978635494,NA,4.938302431
6.366427081,1,1,1,high,NA,C,1.765567525,13.00008641,11.52810822,NA,2.269396733,4,7,6.486254097,8.459923461,2.918156812
2.452364441,0,1,1,moderate,B,A,6.870228467,8.136199916,3.706351121,10,7.451168089,8,4,7.511755697,7.562343634,9.600310808
8.436862389,0,0,1,moderate,B,D,3.841037182,5.846719458,6.986914062,NA,0.505923778,7,6,10.68763613,5.112040283,6.2948784
6.987435725,1,0,1,moderate,A,C,7.6984142,NA,11.60731517,7,5.939932968,4,4,7.555021245,11.70671712,7.593479131
7.516710251,1,1,0,low,A,B,NA,11.27530113,8.640888746,4,1.532506484,3,4,7.019663456,11.00134992,2.255824665
0.081723176,0,0,1,high,D,D,7.176185083,9.284058697,16.49610551,7,7.62780725,9,7,6.081494623,9.366032322,9.306992826
1.621192924,0,1,0,low,D,D,9.919060948,13.17544915,13.73724002,4,9.952810649,7,6,5.697334685,8.346706209,8.780184169
5.368936613,0,1,1,moderate,C,B,3.800351794,12.65926795,11.7864941,3,1.739981107,4,8,7.4114562,10.77508339,9.119542814
3.837442696,1,0,1,high,A,A,7.774452213,8.142270855,10.01465335,4,6.191308226,7,5,15.11139761,5.874368661,3.903612166
0.329438065,0,0,1,high,D,NA,9.347052311,16.61830739,10.83808235,5,5.37983174,1,2,8.033102211,5.581737553,3.707159101
7.466960805,0,0,1,low,B,A,2.121425213,9.23491891,7.882281624,7,NA,3,6,6.660494123,5.664370981,2.922251062
-1.799148039,0,0,0,moderate,C,A,6.516737661,5.726516049,11.88405146,6,3.217469072,8,8,5.783483661,NA,6.41883825
-2.407899225,0,0,1,low,C,B,1.25555096,9.566801194,14.44064188,10,5.823269368,2,6,9.54806894,12.37212989,3.899973331
11.254835,1,0,1,moderate,C,D,2.672206687,10.62261502,13.25028973,2,0.709323795,8,5,8.817979263,12.14397354,0.338000932
9.456263191,1,0,1,moderate,NA,D,3.861140925,16.9239352,7.56026723,7,5.706440131,6,5,10.75620796,8.304539448,5.839801861
-1.579621609,0,0,1,high,C,A,0.133903332,10.3174071,5.143369452,5,5.606772506,3,4,9.151880687,14.25404291,8.1427959
12.38852905,NA,1,1,low,D,B,3.823879571,11.37099642,9.671032902,7,4.341709395,1,5,12.60300284,6.562729657,5.722808982
5.60388285,1,0,0,low,A,D,8.696908457,9.768541194,11.32266811,5,9.619487852,2,8,12.16027336,8.521546531,2.360319747
3.299720972,0,1,1,moderate,D,B,3.403489967,8.997997473,14.05298194,9,7.112716844,7,4,13.1682088,7.800843179,1.136313498
12.75553104,0,1,1,low,A,D,4.820801155,9.895821915,6.044171546,9,2.58469532,1,7,10.73050618,10.47769624,8.26521859
11.60099418,0,1,1,low,NA,A,5.995658254,12.36291882,NA,4,9.256775377,7,6,13.34308799,4.746421122,9.399730188
4.859397363,0,0,0,high,B,A,4.93541307,16.22573503,10.70049951,6,4.208116631,4,8,9.770341859,13.5544926,0.306616221
0.093409259,0,NA,0,low,B,C,1.862176014,13.08217732,13.58186578,2,8.163007456,7,4,12.79877516,13.6210948,0.411253825
6.310525656,0,0,0,low,C,B,8.273733186,13.6237252,9.916270084,8,7.546650476,1,4,9.526054784,12.93294798,8.743097549
5.894690898,1,0,1,low,B,A,6.684667382,6.306029735,NA,3,4.121433045,4,8,7.955471456,NA,3.522202671
4.896483445,1,0,1,high,C,D,7.942398607,12.95168671,6.559557592,5,5.14416832,3,7,6.339696726,13.46879027,3.074852608
-0.485959263,1,1,1,high,B,B,1.079436259,10.65977441,8.447738549,5,5.422847185,9,5,7.873261025,11.46038901,8.711818862
-1.369729734,0,0,0,moderate,D,NA,7.23710946,5.598249913,8.913628682,3,9.740243042,5,6,7.753961206,12.87654599,9.230511603
11.03963973,1,1,1,moderate,C,A,4.112744296,11.56306823,17.05166298,5,0.736379549,5,8,11.72823258,10.53337711,4.902528096
-0.183678522,0,0,1,high,A,D,8.209462941,9.523736186,17.33959413,4,7.695038053,7,4,9.843701608,10.87675264,4.922849606
8.274580247,0,0,1,low,C,C,6.470601938,NA,9.499890162,0,8.725549092,3,4,8.108988479,3.659977946,1.850234973
2.075531428,0,0,1,moderate,B,B,7.829327623,7.701754001,6.868997683,2,9.898655845,3,9,7.304991803,8.385856268,2.617128456
8.838073234,0,0,1,low,D,C,5.530363116,NA,4.081195198,NA,9.65147644,4,4,14.53805763,13.04207675,3.482472247
-1.646564174,0,0,NA,high,C,A,5.297195802,7.221671508,11.5440149,7,6.364213186,5,5,9.289752122,10.30380892,6.908534814
3.993476579,0,0,0,low,A,C,7.893562317,9.468688116,6.728279249,4,0.653892939,2,7,NA,6.343877885,1.403723098
0.170092639,1,1,1,low,B,B,0.233312023,11.20603534,16.85397798,8,1.28414755,5,5,8.709971991,7.124869622,4.767760432
8.568487035,0,1,0,low,C,C,4.77230065,7.804755481,7.343147282,5,4.927847805,2,8,10.27989831,8.332607546,8.3261981
5.038059618,NA,0,0,high,C,B,7.323137387,12.4911195,10.33331929,5,NA,9,6,12.49912327,16.36562773,2.655863822
-2.782537536,0,0,1,high,C,B,6.927315565,6.375751641,21.43083004,6,1.893787137,5,3,9.745202566,9.461230037,NA
4.346971458,0,1,0,high,B,A,NA,6.856046762,6.673270006,3,1.775983933,3,6,10.33555912,8.065793775,1.854949242
2.708396036,1,0,1,low,D,A,8.612094768,14.32347312,10.92269987,2,1.155603256,5,7,6.881692171,3.722248685,3.902335279
6.911407217,0,1,0,moderate,C,D,4.380971072,6.952457604,6.679316583,7,1.569524002,2,3,12.38926844,4.294387487,9.920250622
3.572178613,0,0,1,high,C,A,2.44797277,11.23592414,11.04296095,3,8.574108495,3,7,10.29971013,13.66675083,1.46795925
0.128292745,0,1,NA,low,D,B,0.706790471,8.856771847,7.380206395,5,4.248605317,1,5,12.21087926,7.446338676,1.711457665
1.555683416,0,0,1,low,D,B,0.994661602,11.22820552,10.23190937,7,8.783416711,4,4,14.640644,14.86360865,1.326642747
5.276231952,0,1,1,moderate,D,B,3.162717072,15.06661986,9.109394074,4,8.248265639,6,12,10.53676292,9.012691594,7.119708292
8.992909109,0,0,0,high,D,D,5.186342632,14.7597653,6.450273279,10,9.788196168,4,6,9.152360225,3.020771418,9.1185175
7.461639745,0,1,0,low,B,C,6.620050764,9.007276598,10.03387807,8,6.345430159,5,5,7.698103664,16.578994,NA
8.349376962,1,1,0,high,C,C,4.068301872,3.144293394,12.97480311,6,6.91523276,4,3,8.270787279,6.752560071,7.84835475
-4.301197251,0,0,1,NA,C,B,9.128759243,17.49298477,14.78190236,3,7.921833394,7,4,7.25543248,8.480917098,1.543734868
3.589032389,0,0,1,NA,B,A,2.936033728,12.0011985,5.881866187,7,0.341706455,9,4,11.10973288,10.28775687,0.122919178
11.00763001,1,1,0,NA,D,A,4.590657263,11.62398201,9.251167201,NA,8.19993681,5,7,5.59694691,9.639504226,0.822354448
5.585817193,1,1,1,high,C,C,3.323946742,9.959801431,13.47827358,2,6.876361626,4,4,4.763914065,5.443997111,5.190930031
12.81951267,1,1,1,high,D,B,6.508704671,11.53032527,6.657332956,3,4.317768919,6,6,7.997854588,5.468244811,0.682925025
13.40629968,1,0,1,high,C,B,2.580167807,9.506872505,2.414497933,7,2.438757869,6,3,13.25283702,14.18681478,8.105923343
5.302035239,0,0,1,moderate,D,C,4.785452483,11.26208393,7.192292324,6,0.08147703,5,4,10.36849492,7.874734168,0.798554409
2.298672144,0,0,1,low,B,A,7.663106706,8.799259768,7.098281626,8,4.211061434,4,8,8.517251816,12.48381506,1.54718979
-2.538674045,0,0,1,high,D,C,0.842469144,5.889376367,10.14246578,7,7.869569079,5,3,12.00876455,15.12326751,0.672961501
-1.75327644,0,0,1,moderate,A,D,8.7532133,12.9635148,8.78878962,4,5.955921228,3,5,8.94556344,NA,4.370498245
16.27000408,1,1,1,moderate,B,B,3.390729378,14.55923508,10.69448838,2,9.849630587,NA,7,9.655058797,7.879302794,7.536894593
-0.870399658,0,0,1,moderate,C,B,8.394403502,9.073778292,8.732882776,5,5.280434559,3,4,10.21896083,4.021292468,0.121625946
9.041074249,1,1,0,low,A,D,3.466834892,NA,11.12235518,6,5.232784178,8,5,13.26632384,15.6996296,4.064208567
9.077101222,0,1,NA,low,NA,A,3.337749308,11.92672392,8.901982675,7,7.864448049,5,2,13.87770622,7.731379192,4.116528106
7.753277864,1,1,1,low,D,D,4.763512451,9.865872589,13.57030434,5,0.877224093,4,6,13.84753388,8.866132661,9.772035293
0.043618662,NA,1,1,low,D,D,8.921983358,4.80034478,7.788017424,10,2.561119806,4,5,12.93716835,5.908135596,2.214068181
-2.039470514,1,1,1,low,B,B,8.643394706,10.00639558,10.87199994,6,3.566041202,6,4,10.98840935,12.22587448,7.36711107
12.95076442,0,0,1,low,A,A,3.899895435,8.109098998,7.345451295,3,2.49055458,5,3,15.63890715,14.83292799,8.237531949
5.717470412,0,1,1,low,C,D,7.773206988,8.97709426,10.62401944,3,1.750184877,5,2,16.12869709,10.68216234,9.503439358
-0.032861844,0,1,1,high,C,D,9.606179972,6.530282912,9.856809483,7,5.729220808,6,4,13.98572912,8.798452978,0.985238692
11.33776983,1,1,1,NA,D,C,4.346594848,15.40942572,4.946438062,5,4.833931483,9,5,9.340994069,4.991258801,6.924189504
4.681757487,1,1,1,high,A,C,7.125146787,9.006603891,9.56732033,8,8.099489692,7,4,6.879857705,14.47210329,2.84226387
8.711945509,NA,0,0,moderate,D,B,3.999943689,NA,13.540641,8,7.50515234,6,11,10.57884935,NA,8.010750343
6.071050975,1,1,1,moderate,A,A,3.253521519,10.59158032,12.04419977,7,3.474437976,3,2,8.334291244,9.87706757,8.317947148
2.555983451,0,0,1,low,B,NA,7.57087148,10.78952694,10.42974289,5,8.068744843,4,2,10.82497267,13.61303456,6.798385584
2.419630495,0,1,1,moderate,C,B,2.026922551,7.042519899,6.423050669,5,2.517642281,8,6,8.348459785,13.89554489,4.160394322
0.907560837,0,0,1,low,D,B,7.111212225,1.333237985,13.50768596,7,5.92963554,NA,3,12.76377968,8.613348938,3.438217491
-1.882155498,0,1,1,moderate,D,C,1.21691921,8.078554892,10.23760513,4,1.562157334,1,5,16.56836798,6.322678757,2.968746766
7.661332393,1,0,1,low,C,C,2.45488514,11.71152291,8.644678742,4,1.751596516,5,2,12.89198437,12.88980026,8.221336054
3.116322528,1,0,0,high,B,B,1.433043794,9.820830172,14.92608464,5,2.263773009,1,6,12.22545543,12.07963368,5.008798561
5.493959973,1,1,0,high,A,C,2.396294151,9.705463768,7.691223035,3,7.91963252,1,4,10.11206969,8.495820502,4.967863013
2.052876358,1,1,0,low,D,B,0.589343773,11.68246219,10.91008288,7,3.883764797,8,3,16.54250106,19.46191425,3.643619316
3.199071543,0,0,1,high,C,C,6.422882585,6.440624084,13.84521226,5,9.112220325,9,8,9.761244389,2.352679315,8.493814811
-1.553004191,0,0,0,low,C,C,8.762692127,13.29033113,11.80666839,3,1.218470512,8,1,14.12888509,9.975585746,3.135325762
7.548569742,1,0,1,high,B,A,7.789146774,9.983967915,9.078933206,2,9.87835157,7,4,14.72595003,13.41634192,2.121083948
6.280498628,1,0,1,moderate,D,D,7.973088259,12.121932,8.74474569,2,7.552879206,2,10,10.48113094,14.4470394,5.857934586
7.633421681,0,1,1,moderate,D,D,4.552744536,13.1023232,11.06540659,0,3.107758339,3,4,0.240339781,12.92753503,8.423668507
3.095217152,0,1,0,moderate,C,C,4.10084082,10.67044124,11.54044334,3,0.19865358,6,8,9.010208538,10.44505088,1.253839079
4.504423655,1,0,1,moderate,B,A,8.108702428,7.363877161,10.0558222,NA,6.822830613,6,2,11.37126948,12.36672627,3.775303839
9.990195804,1,1,1,low,B,D,NA,13.48889367,13.95534692,2,4.387360667,2,4,6.087688728,11.67274366,NA
-1.609554161,0,1,1,moderate,C,C,6.547239281,3.999505166,9.802504,3,8.837007054,5,5,6.126479683,9.917816821,1.877684605
11.95130791,0,0,1,low,A,A,3.531972719,8.36562778,7.899111765,2,0.742437856,9,2,12.7191392,7.368775124,5.047590237
11.02348329,0,0,0,low,D,C,2.702601459,9.232987873,11.61197839,1,4.53669556,3,7,1.612115514,13.64873041,0.272868474
1.246850107,1,0,1,moderate,A,A,9.926840612,9.50163689,3.394653033,8,8.880362706,5,4,10.70068171,8.946250563,4.96297851
13.55579482,1,0,1,low,C,D,6.334932644,13.06139173,11.17592123,7,7.001592417,8,11,9.192892184,9.116820648,9.473517109
2.647932851,0,1,1,moderate,A,A,2.132081352,10.40866568,11.49088286,3,3.046156112,5,5,8.024364835,10.75941343,3.811821339
-3.951964178,0,0,1,high,A,D,1.293723481,11.22150281,9.325375854,5,5.848908024,4,8,10.19003738,10.03449396,6.982137263
4.894035213,0,1,1,high,B,A,4.781180343,9.791035561,6.648570504,4,8.7045377,4,1,10.16343052,4.072648113,6.887658085
-2.509712101,0,0,0,low,C,A,9.240744698,9.257006975,8.81501619,4,4.465235593,5,3,10.74102797,8.721019828,4.777306768
7.844003272,1,0,1,moderate,B,C,5.987609671,12.08665242,14.64949103,3,3.373730397,2,4,10.37210664,11.83690768,2.733476141
-1.95724382,1,1,1,high,C,B,9.761706949,13.43868507,7.769456561,4,5.669086087,6,4,8.394229901,13.69244233,7.569163323
2.780924079,1,1,1,moderate,B,B,7.317925119,2.790711355,3.004863647,6,4.157649816,7,NA,NA,6.187576576,2.475320606
6.553988161,0,0,1,low,B,D,3.567269121,11.71821867,12.43673633,4,8.326606648,3,NA,NA,8.048333009,5.213394833
10.37142076,NA,1,1,low,C,D,4.314736906,11.12417322,8.496068028,6,1.537075881,5,NA,NA,2.670501288,6.128432408
2.39767756,1,1,1,low,C,D,1.482115607,8.724196835,8.467340302,7,6.586490432,3,NA,NA,12.98964578,0.950499764
3.155697023,NA,0,1,NA,C,D,0.130775755,12.85303842,6.353907877,8,0.01026819,6,NA,NA,10.01534059,5.657587638
8.791246287,0,0,0,low,D,A,7.155660661,8.832288455,9.932324115,7,3.204509285,5,NA,NA,12.37307429,0.168741615
0.017782814,0,0,1,moderate,A,D,1.031842357,9.147008015,12.1037179,4,9.501328806,3,11,11.51007558,8.31042539,1.998788824
6.987210901,0,0,0,high,D,D,4.462843486,12.57222933,8.237553923,2,0.125525096,6,2,7.770256954,10.64147861,4.175838009
9.650490459,0,0,1,high,A,B,6.401010451,15.1588819,8.179816176,8,0.790907654,4,8,7.549367244,12.93124799,2.055060884
-9.143819224,0,0,1,high,C,B,9.9183862,10.8101647,13.28992065,6,2.132883705,5,4,15.61085104,9.297516692,3.772214069
7.901018321,0,0,1,low,B,C,4.955935779,8.733447971,9.257470969,5,9.94843259,5,5,7.518240868,12.54598166,0.764517179
7.457017811,0,1,1,high,A,C,4.843495244,6.432660115,9.52029486,7,4.920395876,6,3,12.85213808,11.96191267,1.449739956
-0.810663909,0,0,0,moderate,D,D,1.734423349,9.006901063,8.122665248,2,6.276341181,1,4,9.201482947,5.228289921,5.535919541
4.122067928,1,0,1,low,D,B,7.548209445,7.18051202,12.70130391,6,0.05961335,6,3,6.702753455,10.9282694,6.617425608
8.392842292,1,0,1,low,C,C,4.538954892,NA,7.017419112,8,2.858539987,3,6,5.397347371,2.54205343,7.356475045
8.980891252,1,0,1,high,A,C,5.111697838,11.1831375,12.54775116,1,9.864804172,6,3,6.381070421,9.164682678,3.762094176
4.276988519,1,0,0,NA,B,A,2.075451133,7.444428724,12.41710687,9,7.576923249,3,8,4.149924181,8.342698722,8.687571527
8.554494378,0,1,1,low,A,B,2.286581427,17.94750064,NA,4,0.682749909,2,4,7.347879911,12.62812622,7.954700466
2.495479798,0,0,0,high,B,C,5.957119963,10.46803503,12.54526094,7,8.107639786,6,8,12.92021796,10.88045108,8.218030219
8.004232707,1,0,1,moderate,D,A,5.748721983,13.3906218,12.96030959,10,1.228714071,6,5,8.257086052,8.208333859,9.016953125
2.98249806,1,1,1,low,B,D,0.770643803,3.13262806,11.72686087,4,4.099183606,3,5,15.21030214,9.52838919,9.825073413
1.090962055,1,1,1,moderate,B,D,0.355405796,12.22300347,16.07452614,7,9.275436453,3,6,9.481974046,10.55255518,2.659510805
5.807091663,0,1,1,low,B,C,6.427954922,6.051264519,4.112940426,2,5.542082393,3,3,7.186022405,6.960903957,7.870983705
1.103636878,1,0,1,low,B,D,9.286151996,12.75941103,6.505237208,2,0.142666143,4,4,9.146219021,7.960469786,1.907470301
8.474927869,0,0,1,high,C,C,5.980924224,11.19439047,5.870442359,5,9.673652812,6,7,8.232945695,6.271919157,0.037491017
8.757148145,1,1,0,low,D,B,5.60900748,8.777414262,10.5030398,2,7.700655325,5,3,8.668205722,5.394943791,5.569958589
2.388995585,0,1,1,high,A,B,5.260277239,13.97277589,14.75388724,2,0.799524132,NA,7,10.17998972,8.426379961,NA
-3.622108326,1,0,1,low,C,A,9.850952239,7.896304992,15.03366686,6,3.654198484,2,9,10.24669885,9.944417844,NA
2.265595806,0,0,1,moderate,C,D,5.076418223,8.258157087,11.4648901,1,4.804265453,7,4,12.27519257,5.295558487,NA
0.073271399,0,0,0,moderate,A,D,6.827880787,6.996783457,12.63601979,4,6.75760692,5,7,11.61898897,11.40355502,NA
1.542211381,0,0,0,high,A,C,6.015412176,7.99546418,9.565375378,6,7.864472507,2,3,12.32994294,7.996513408,NA
8.891151202,0,0,0,low,B,A,2.388686778,12.83555486,11.40691528,7,8.100580573,4,6,10.39651499,10.93324708,NA
-2.419130336,0,1,1,moderate,B,A,2.581659267,11.30110645,11.12870643,4,0.786775036,4,5,7.579404101,10.42765301,4.347148319
7.892775984,1,0,0,low,A,D,7.293096234,13.01547765,7.716879175,5,1.68914441,3,9,11.34805026,8.877895838,2.370720536
4.722659126,0,0,1,low,D,B,4.525708314,8.829644008,9.120115199,4,0.36732794,3,6,11.23792437,4.165220872,9.868603111
0.07795547,0,0,0,moderate,D,C,1.751267684,11.12911088,9.595476207,5,2.401423089,4,3,8.789157853,5.206956058,6.461031826
4.983462996,0,0,0,low,C,D,7.466982696,10.73249477,14.18153745,3,9.121951819,4,4,8.835735168,2.378026417,7.82384756
-4.064390666,0,0,0,moderate,A,A,1.049876404,5.721227973,6.889033931,5,0.013634798,8,10,13.28556324,14.08614175,9.914215503
1.370095826,0,1,0,high,D,B,8.64544949,15.33528786,3.656994557,8,2.273004481,7,3,14.02144013,8.91800199,8.171411622
-2.832170722,0,0,1,moderate,A,A,6.146449717,NA,12.30483465,5,1.682629318,2,8,10.34321664,15.80919193,3.213550535
13.20802778,0,0,1,low,C,D,5.571595388,12.296797,7.551518138,2,1.49762515,6,3,8.823206139,5.632348607,0.980055882
3.927889392,1,0,1,moderate,D,D,3.287773191,12.86541003,8.691679231,2,6.480971612,4,6,14.95707353,14.44571712,3.348716346
8.553955618,1,1,1,low,C,C,NA,9.848302896,12.71411509,4,4.855725493,3,7,6.268907174,13.22835891,0.18853324
6.137358061,1,1,1,low,D,A,NA,9.082553741,7.710741206,11,6.932443194,0,6,7.264222388,7.727534796,0.442751239
3.673449028,0,1,1,low,B,B,1.808663611,12.68102111,8.976799061,6,2.896694567,1,6,12.55013042,12.14225663,7.772062905
14.3004511,1,0,1,high,A,C,5.296306028,6.858105553,14.5072736,2,NA,3,5,7.224061015,11.74415389,1.488223949
3.008379861,1,1,0,moderate,C,B,0.752757457,15.91401216,11.58492314,5,2.881263294,3,6,12.68074364,9.559828293,0.384751377
-2.218244986,0,1,1,high,C,C,2.777559326,8.849103681,11.62657407,5,5.257645212,4,5,7.176970787,14.52094533,7.789746709
1.784166448,0,1,0,low,C,D,2.126995192,14.96243591,9.589979933,4,0.778222696,8,3,11.61685628,9.16140207,0.181956617
9.560585515,1,0,1,high,B,D,2.84790481,14.53663808,6.58979844,4,6.785538353,9,2,9.454076806,16.0832162,2.280390274
2.389012768,0,1,0,low,C,B,8.950941029,10.2488972,5.510118537,5,1.819497165,5,4,12.67530278,6.412779413,8.510476132
8.999076987,1,1,1,low,D,B,4.462353233,11.70166274,9.329843069,9,5.298044551,3,7,13.98762462,13.93695368,3.133164567
1.170337522,0,0,1,low,B,B,7.799848898,6.926354561,16.00515768,4,8.016788289,3,3,9.689601624,8.427977462,7.660420926
-1.576209691,1,0,1,high,B,D,8.806190349,10.96901951,10.66511145,7,3.131871959,3,10,11.84519383,11.06274853,3.620294356
1.325562251,0,1,0,high,D,NA,NA,13.13083738,10.49311873,9,6.912734117,5,7,4.600682814,9.784976537,1.912518912
5.607719182,0,0,1,low,A,NA,NA,10.29723546,10.99787083,4,7.730445226,2,10,9.211884575,9.600567081,4.751617548
1.976813194,0,0,0,high,A,NA,NA,8.637589273,8.844376003,5,2.617936325,7,1,6.369574369,9.735767847,2.476480529
1.828562587,0,0,0,low,D,NA,7.237259466,8.032654443,5.80373792,5,6.78760153,5,5,10.61343176,12.75336679,9.473425087
5.638763696,0,1,0,moderate,C,C,3.376153335,9.892232732,18.02722239,3,9.921432959,10,4,9.958017686,10.09431779,2.071354929
10.11654688,1,1,1,low,D,C,6.304141225,13.20748438,8.728941734,8,5.514875199,8,5,9.294397481,14.07679175,8.936566028
-2.003611149,0,0,0,high,A,A,8.40614554,8.548075209,9.104195464,8,9.306844736,6,4,9.435044037,10.34048454,9.602276166
6.6399651,0,0,1,low,B,C,8.561316647,9.636969666,4.622974819,11,2.074043448,2,5,12.85384921,10.52291964,9.777096868
10.03012475,1,1,1,moderate,C,A,NA,6.117579989,9.255975325,2,2.299590395,3,3,9.537955642,9.839558786,0.677777485
7.68147644,1,1,1,high,A,C,3.804938856,11.48293851,9.258088245,6,4.839865894,4,8,15.56273351,8.725725898,0.318395831
9.052217037,1,1,1,low,D,D,8.95445426,13.92370456,9.233468864,6,4.610593938,11,11,4.287497937,10.62373466,4.448383772
7.862107978,1,0,1,low,C,C,6.443157629,14.49112303,4.6391857,3,7.82721357,NA,8,11.07789911,12.97876875,3.21784554
-5.249118005,0,0,0,high,A,C,7.410786487,12.44410819,15.35398845,8,0.006052661,5,11,16.34360484,12.44157367,7.232553945
5.44903657,1,1,1,moderate,A,A,6.053034465,4.390633629,15.29075904,3,7.506233801,3,6,6.592753039,12.98801675,8.515498936
-3.212962096,0,1,1,high,D,C,9.030816115,11.44608851,12.06880067,2,8.307324375,8,4,NA,15.19823281,4.866135085
15.29217718,0,0,NA,low,C,D,2.937301551,11.36840681,6.697778067,10,3.146712363,6,8,NA,11.0711261,3.806258412
5.932481835,0,1,0,low,A,A,1.912601099,8.939799143,12.14352807,6,7.1203316,8,6,NA,10.467179,4.178461316
-0.550319231,0,1,1,moderate,C,C,8.864509433,10.51146841,9.260589049,1,2.517115492,6,5,NA,14.65836597,6.247881379
8.241583789,NA,0,0,moderate,B,A,5.033394857,7.407892138,9.040641502,7,3.093474982,1,6,8.614112909,9.807791146,4.243316036
-5.05206769,0,0,1,high,C,C,8.77057543,12.03769232,14.08793288,13,6.959548471,2,6,15.77902182,6.975343726,2.582503103
2.348551114,0,1,1,moderate,C,B,1.891936224,9.018696956,6.31635223,8,4.23095647,9,6,10.36616444,7.321313429,9.584166212
5.894081523,1,0,1,high,C,A,7.581030524,5.292753445,8.466342302,4,8.52890213,8,8,13.27615173,8.036456136,0.30818067
12.7093236,1,1,1,high,B,C,7.244988927,8.897647731,7.806415003,9,5.343999167,5,6,1.083227574,5.698651514,2.574672904
4.011518571,0,0,1,low,D,A,9.437248183,14.09330479,10.05925602,4,5.481775163,7,15,13.38546715,14.25455306,1.137167341
10.19452984,0,0,0,high,C,D,5.47646587,8.997155906,5.281408256,10,8.455439785,3,3,13.93600039,8.218343004,2.426634899
3.666615334,0,1,0,low,B,A,7.117438677,12.19825013,7.890000191,5,3.770290799,4,5,8.552176081,13.35691539,9.711030517
6.493479077,0,1,1,high,B,B,3.889050998,12.83975692,12.14779627,5,1.660436785,5,1,9.32542301,17.15224469,8.522328064
4.379312182,0,0,1,low,B,D,1.008731262,10.01319611,11.39564472,7,1.892480287,3,3,15.00329593,8.790140518,3.968204905
-3.527004895,0,0,0,low,D,B,9.273020886,8.943033083,7.078293081,3,8.568678161,5,4,10.1236556,11.11032568,4.800927984
8.85497436,0,1,0,low,B,B,2.832325003,8.410913473,11.67765319,6,3.375032346,4,6,13.11452454,8.274120959,9.631105172
7.531337463,0,0,0,moderate,A,C,5.905731588,12.21876768,2.702080764,3,7.75028235,5,6,11.7629288,18.75768642,9.596734189
6.539653271,1,1,1,high,A,D,1.103606049,6.809627754,8.97854522,1,0.690702021,7,4,9.525101269,6.763255631,8.071113138
1.776860825,0,0,1,low,B,A,8.405070321,10.73863253,12.13909958,6,2.409492657,5,4,9.123743755,13.53547399,6.554934331
3.003510162,0,1,0,moderate,D,B,3.179636844,9.1315019,8.022887841,6,2.428018379,4,6,5.74030311,12.60880832,7.588415234
-1.127042496,0,0,1,low,D,D,7.82851337,3.205331931,9.890792132,2,3.871129891,9,6,3.585045924,12.79349893,7.1088721
4.881982391,0,1,1,low,B,D,2.675082074,5.773448632,5.220141095,6,8.718050211,1,6,9.932499685,13.07404368,9.477621564
8.050410166,1,1,1,low,B,C,2.186452849,12.74805799,12.54337839,6,9.671970485,7,3,10.80931286,11.83892517,9.811890903
7.443994294,NA,0,NA,low,A,A,5.167968364,9.426163148,4.448833454,6,8.669162709,5,8,8.491091803,11.82457024,0.55899523
10.40474997,0,1,1,low,D,B,2.68950592,12.40984965,9.029048105,2,4.377153015,6,5,11.89242217,7.321324869,2.45401609
2.309352732,1,0,1,high,B,D,1.811683273,15.66242339,9.234255662,3,1.919377921,7,3,11.42369563,11.35610682,2.709338111
1.677354615,0,0,1,moderate,B,D,5.185761375,14.42164354,10.18276368,3,0.822944045,4,6,8.978022815,8.875863079,9.091495557
13.95544201,1,0,1,moderate,D,D,5.627829358,12.03180548,7.529525113,1,5.834516375,2,2,10.14880468,18.52055544,3.770335428
1.486880621,1,1,0,high,B,C,1.291568545,11.13988806,15.48919145,6,0.703614955,8,5,13.88578957,12.19718036,2.750553794
5.761315724,0,0,1,moderate,A,D,2.56367604,9.421604721,5.710251353,4,5.276626558,4,9,10.94387261,12.52155678,1.782304437
0.70211041,0,1,1,high,A,D,7.17935276,14.73367538,10.76241143,4,4.722882854,6,3,12.40471751,3.341043648,4.731128877
1.599115626,1,0,1,low,D,D,9.614099364,11.78870233,1.180678914,3,0.481913707,2,5,11.45817669,6.017608654,3.987898792
6.715780747,1,0,0,low,C,C,1.001408466,6.479269177,10.00724743,3,5.945408077,4,8,15.17668317,7.070017906,1.316607634
10.70836638,0,1,1,low,A,C,7.632226895,9.533072395,11.52899671,3,7.912712151,5,3,10.30729858,8.238772384,0.186322373
-3.587568843,0,1,1,low,B,B,9.479663547,4.243270539,6.745839997,3,5.988686837,4,5,7.030488775,8.295961554,6.219174638
-2.446624685,1,1,1,high,A,B,8.186346884,9.414223462,12.11449893,3,0.279159292,NA,3,8.618676373,11.93092287,0.78218956
6.005487244,0,0,0,moderate,C,A,3.082923307,2.22301699,10.99292905,8,3.957266319,4,2,10.71298448,9.288078677,6.5995712
10.54295634,1,0,NA,high,C,B,6.495794605,13.9420065,12.92898242,4,1.062439645,5,4,9.191808207,9.104265923,7.293277192
1.169078819,1,0,1,moderate,D,A,9.533554511,8.093370997,7.469980359,NA,0.24111388,4,3,9.491337791,13.56868768,0.706880488
-0.137000721,1,0,1,high,C,C,9.5373265,8.710063484,7.088260285,4,8.408977678,4,6,11.99460692,3.673176388,5.954242565
10.36635773,0,0,1,low,C,C,3.399792034,9.492045003,4.685405954,5,3.263999259,6,5,NA,9.780153988,0.907979032
7.2935454,1,1,1,low,A,C,2.624741101,11.83665452,9.032588975,7,2.942976472,3,4,4.242216607,12.59020861,9.038772134
6.788201973,0,1,1,low,A,A,1.654539332,12.03502053,5.983597773,4,8.228979798,7,3,16.05799762,13.22412238,7.420826172
7.625686877,0,0,0,low,B,A,3.221680566,11.70385592,12.06446808,7,4.143474246,7,8,11.30563154,9.382442109,3.68990367
4.8667885,0,0,1,low,D,A,5.101252066,8.282372188,10.21384196,13,0.10171223,5,1,13.1505065,8.699158503,4.306771171
2.122826246,0,0,0,low,B,B,9.239684714,5.910126231,16.56925708,3,0.524083886,5,5,9.063655478,9.453328647,3.502891702
13.86470826,1,0,1,high,A,D,5.109596984,8.833833267,6.526877202,4,7.303703814,2,3,10.28085285,8.706763981,0.231301237
-0.009357417,0,0,0,moderate,B,B,2.576212608,10.8337424,13.54506419,4,0.73394947,4,5,3.540436748,8.726171169,3.368161318
-7.312822088,0,0,1,moderate,A,A,0.46460887,7.530756635,8.417894915,9,0.703566265,6,5,11.07397921,5.938540971,3.70525331
11.69296313,1,1,1,moderate,D,A,4.178562583,9.793477197,5.630115966,6,6.371719672,0,5,11.40359443,9.410215153,1.689418261
1.509177185,1,0,1,high,C,D,8.540015023,6.497013022,11.71890211,7,4.13305871,7,5,7.279933495,10.70234841,6.602891756
1.121522356,0,0,1,high,C,D,3.472306777,9.975072957,5.699866886,8,4.307178308,2,4,8.411950253,8.328381118,5.98364593
4.605165393,1,0,1,moderate,B,B,1.314423205,10.3865662,6.834444944,2,0.802463705,2,8,14.03073015,6.660024175,1.384776805
3.490216245,0,1,1,high,B,NA,3.744868645,9.562373115,7.800664368,5,2.771166787,7,4,11.40830217,5.108093722,1.192231078
2.255600598,0,0,0,high,B,B,6.314202284,9.50826713,10.63272179,6,7.940710189,1,3,9.240684737,8.836528356,NA
2.65448784,0,1,0,moderate,B,C,3.900789337,15.29065601,7.003237819,2,0.910974657,4,8,11.10731115,15.16789605,NA
13.22538834,1,1,1,low,A,C,6.896278488,12.28775954,13.23355097,6,2.766821776,7,3,5.959878429,8.3244991,2.600446807
6.826797933,1,0,0,high,A,D,6.894134125,13.33429324,6.403076852,5,1.362554582,2,2,13.51580628,8.090017462,4.294775992
-2.043666729,0,1,1,moderate,D,A,5.549006232,7.230379142,10.64991111,5,6.634760951,4,3,4.273790965,18.3441614,9.188957822
5.265750034,0,0,1,high,A,B,4.296244078,10.49302552,10.42926109,5,9.791300225,4,7,6.986827568,4.128232371,7.807515536
10.76052606,0,0,0,low,B,C,4.527200628,13.46447556,6.802749727,1,2.118113344,6,7,12.03006254,10.42758369,5.824341914
1.22897881,0,1,0,moderate,B,C,3.064432589,9.830435726,8.714129768,9,3.720269843,4,4,13.45696523,11.9934964,8.93974649
-2.948156083,0,0,0,low,A,D,5.78353944,3.611918055,8.03146157,11,1.183647166,4,3,4.801720247,8.564117523,7.203740524
0.051789813,0,0,1,low,C,D,9.103703042,11.03453729,12.87818298,6,7.805361473,4,7,11.80392657,13.55106875,3.386256939
3.255694641,1,1,1,moderate,A,D,1.426040821,4.285133663,NA,4,0.655782137,9,5,11.02495094,12.41631187,9.987510566
4.795201074,0,1,0,high,A,C,4.150476253,7.566489541,NA,4,7.837750923,6,5,9.894156973,10.15995327,3.33700412
6.369699079,1,0,1,low,C,A,2.109257507,13.97201296,NA,2,1.23852212,8,10,8.121504941,6.497960754,8.624374678
6.680279893,0,0,0,moderate,A,B,4.287503709,11.84691055,NA,4,7.773416725,9,2,7.432086371,10.97005047,4.814458143
-0.974786937,0,0,1,high,B,C,1.326899752,13.27500687,NA,8,3.613490728,6,2,10.45533353,9.037650933,4.09564046
9.410233252,0,0,1,high,B,D,4.600964459,10.91981458,NA,4,6.159300108,7,6,13.61911808,7.342149208,2.550790498
-4.888927037,0,1,1,high,D,A,9.429570592,9.669523713,11.38344748,4,9.170427292,7,3,5.53426635,10.45383452,3.204758235
6.717995904,0,1,1,low,A,B,7.619738616,7.227061681,10.43531989,5,1.052200999,8,3,6.848877631,11.73809042,9.454867442
4.371839309,1,0,1,moderate,A,D,9.329098288,14.77874126,2.673066037,5,7.15545794,7,4,14.91362235,9.762499521,6.626782836
10.66857046,NA,1,0,low,C,B,4.706784976,10.13503179,11.74095606,5,1.563665555,4,8,6.377997456,12.54630291,4.746156817
5.345841349,0,1,1,low,C,C,6.035880677,7.854614798,11.965156,3,2.615757212,8,2,2.121534746,2.466899539,3.390315839
13.48552741,1,0,0,moderate,A,C,4.849896806,12.5956693,9.086473488,7,7.737913677,7,3,10.0523898,12.21543134,8.075292858
-2.049102086,0,0,1,NA,A,D,1.088063165,13.22332287,7.877295302,1,5.947590705,3,5,11.03258208,NA,8.787089319
5.851094431,0,0,1,low,C,A,2.47726833,15.68696432,15.91471604,6,0.953767167,3,1,10.03815951,10.85961705,6.474241558
8.187552453,1,0,1,low,B,A,4.985145307,8.191008089,9.730003958,4,1.584679338,9,1,7.3796496,13.44285957,7.862191801
8.325663637,1,1,0,high,C,D,NA,8.827396538,9.957948244,4,7.010907149,5,3,11.02840085,10.41867611,9.215665848
3.589346829,1,0,1,low,B,B,9.346913702,8.751333905,6.629629189,7,2.691827263,2,4,9.467836737,10.26677983,NA
9.684728831,0,1,0,low,D,C,5.239860779,8.873027732,5.96760963,3,2.968300637,10,4,12.76429976,2.109522049,4.17213677
9.375739171,0,0,1,low,D,B,3.171446717,8.900107163,5.430532687,5,5.626652923,1,3,10.90283321,6.348337504,6.312078894
7.407212463,1,0,1,low,A,B,2.779660295,9.112967642,8.734095369,6,3.451765124,5,3,12.08016026,12.24745774,0.037026675
4.798594868,1,0,1,moderate,D,C,7.875405077,14.32546123,14.08277339,5,9.963633108,4,3,10.97641572,5.752201228,6.774300453
0.820188743,0,1,1,high,A,A,7.024625125,7.907385124,15.26138454,5,2.148896281,4,4,11.22415307,9.662852014,7.28797588
8.318436147,0,0,1,low,A,C,1.650276387,8.835497482,14.7050942,5,5.907471976,6,8,12.27952677,10.91209602,4.785738552
-11.52696436,0,0,1,moderate,D,C,0.644575388,11.95760936,13.89026671,5,4.089910474,4,4,3.138539439,8.937961585,1.506522056
8.093350286,0,1,1,low,A,C,7.547056216,13.37431734,9.287211246,6,5.399289276,6,6,11.55351478,7.446272531,6.354262142
8.782681251,1,0,0,high,C,C,6.20410033,7.683667591,6.327549593,7,8.098068775,7,4,5.958291225,5.616480774,6.905434965
3.50761458,1,1,1,moderate,C,A,1.695767667,8.475741352,9.01656196,4,0.106531433,6,9,11.08947958,10.79275554,5.882149711
5.411924366,1,1,1,low,A,D,0.622140523,11.57086177,2.762649171,9,6.749895562,10,6,13.94425769,4.277926168,1.65055
2.790161889,1,0,1,moderate,C,B,1.090292686,13.05326268,9.05862138,4,8.80181554,5,7,8.655082267,7.224306201,0.41824817
0.819420148,0,0,0,NA,C,B,3.817163517,9.246506236,14.97963611,3,4.080887658,6,2,7.575506595,9.665286121,4.623671537
5.689261156,1,0,1,moderate,A,B,1.693109146,5.710019658,10.3928593,3,8.940521346,4,5,9.741194503,7.104296724,1.68274397
13.61139076,1,0,0,high,D,A,2.986525421,15.1273631,13.28766605,9,8.078513138,4,7,14.75627282,9.511303228,2.897973983
7.021352588,1,0,1,high,D,A,1.92209535,14.30520872,11.46802287,2,0.522684227,5,3,10.30317234,12.58055216,3.338993953
1.366987624,0,NA,1,high,C,D,2.571700213,7.868886562,7.663269114,3,9.511394694,10,5,10.44628663,10.05429632,4.029341713
2.314340558,0,0,1,low,B,B,1.812318228,9.804797279,15.23067806,2,4.989403517,9,5,8.360695996,10.41178737,5.877052036
1.021008173,0,1,0,high,C,C,4.773137097,4.721593794,9.764838144,5,4.974591837,3,5,8.416973238,14.79665821,2.563028939
-0.37994661,0,0,1,moderate,C,B,7.707370429,11.70916892,7.073338622,3,2.012220104,4,5,9.580385322,9.666097454,7.526326729
-4.39024224,0,1,1,high,C,B,0.277871224,14.83704039,10.21197947,5,6.809973193,8,1,5.231765757,10.85636762,1.626056388
8.172074572,1,0,1,low,C,A,5.27310777,5.088158059,5.444201414,3,5.473041837,6,4,13.7023125,4.048270312,6.338877021
-0.999951881,1,1,1,low,C,B,8.803190689,7.66129446,12.5913371,4,6.095777403,4,4,8.993635455,10.09222065,5.7785437
16.32297945,1,0,1,low,C,D,3.73063372,8.076469199,11.50470516,4,3.081829965,6,2,3.99699248,7.719985341,8.430723068
1.42590037,0,0,0,low,C,A,0.479591317,7.956605819,8.935656011,8,1.640611647,3,4,9.947624792,6.327960347,1.11892252
0.326439646,0,0,0,high,B,C,1.386282467,3.900143213,8.534713337,2,8.473997263,8,7,9.277099312,13.00709996,1.714409476
-4.455460973,0,1,1,moderate,C,C,3.214921204,11.50289068,12.80888184,3,1.77070725,8,7,4.624031803,9.935375731,3.878056488
1.365834901,0,0,1,moderate,B,C,1.548316113,5.40460558,6.812774841,3,5.862107258,3,3,16.14907453,12.83596402,4.111353124
0.672104398,0,1,0,low,B,A,1.322281722,9.925007082,7.048537385,6,9.725565496,1,8,6.648347165,7.274526351,3.819566022
4.028560392,0,1,NA,NA,D,C,2.213059277,11.77895416,11.27274363,9,5.340993139,4,2,5.939351366,2.793393319,0.145239024
3.598982137,0,0,NA,NA,D,C,2.263807962,9.405413736,8.646059558,5,8.109162545,4,8,11.35390693,10.48881414,2.615349162
-3.012167802,0,0,NA,NA,A,D,1.314165338,12.67602518,12.77525439,6,6.509065111,5,5,13.09968227,12.82962679,8.561546165
-0.996073821,0,0,NA,NA,A,D,9.815634603,9.922854787,9.404137571,3,NA,5,3,9.412342915,17.63381458,9.593199117
5.69156903,0,0,1,low,A,C,3.270137268,8.057018648,13.58455305,5,0.345583153,4,4,10.68193116,12.6615728,2.472850052
8.212673006,0,1,1,low,C,C,5.069394971,11.93907825,11.48663412,8,5.586602811,4,3,6.69340075,13.1813103,0.307835503
4.254378694,0,0,1,low,A,D,6.814425148,8.69850178,3.264542278,5,1.20087367,5,7,12.86583211,8.152756333,2.601245609
-1.332053581,0,1,1,high,C,A,0.991691032,15.31783355,5.993885919,1,6.862996281,2,5,10.93849134,11.05856464,5.124387925
7.078398988,1,1,1,moderate,A,B,1.189025582,9.945220867,13.84832562,3,9.141256611,4,4,10.30301714,8.574015615,9.66911087
3.498076045,1,0,1,high,D,D,0.504396595,12.55844498,12.07238771,4,5.603497603,3,3,12.24434624,11.26616911,1.133095
4.399670313,1,1,NA,moderate,D,D,9.292539197,10.61548871,7.098811996,4,5.755760449,3,8,12.99688268,NA,7.56413193
1.598850692,NA,0,1,low,A,B,6.737122328,0.975854203,5.962618945,2,5.16750155,2,2,7.802454073,8.84875125,0.899519557
2.275858133,1,1,1,low,B,C,0.948578555,5.901664206,13.10099617,NA,6.580485823,2,5,11.44268572,5.621002583,1.408762985
10.02018678,0,0,1,low,C,B,4.925961208,8.72769322,7.564670621,5,5.883965802,10,7,7.031649075,10.13731967,4.817717969
5.709601022,1,1,1,moderate,B,A,NA,10.71041099,15.40517644,5,0.799245799,7,5,16.68867715,11.35736834,6.76956048
3.012420068,0,0,1,high,D,C,3.752165309,2.971830639,15.31462588,5,1.561362534,1,5,11.3702098,10.17269761,9.856648748
-2.98290875,0,0,1,moderate,A,C,9.910992195,12.8850899,5.635925891,5,9.850813674,5,4,9.892553669,8.083918441,1.271688074
7.082605572,1,0,1,moderate,A,NA,1.763507137,8.186722798,7.463037062,3,9.918297974,1,6,8.528671881,9.283956045,9.225007799
6.415405963,1,0,1,high,A,B,8.134352085,7.741368162,6.248561022,9,2.947561906,7,8,9.338300166,NA,NA
-0.139160119,1,0,1,high,D,B,0.684466371,5.333165222,12.0018642,6,7.887124645,6,NA,6.696371918,9.332276287,5.726978949
6.238693736,0,1,1,low,A,B,4.004497468,5.638318786,6.127690937,4,6.868310652,1,4,10.19041141,4.673294648,8.910743406
